date,y_true,y_pred,y_naive
2021-01-01,0.3753999999999999,0.34739995588130507,0.3589225
2021-02-01,0.3753999999999999,0.3435025510603311,0.3589225
2021-03-01,0.3753999999999999,0.3436435178029149,0.3589225
2021-04-01,0.3753999999999999,0.34662454012695243,0.3589225
2021-05-01,0.3753999999999999,0.34973574125807033,0.3589225
2021-06-01,0.3753999999999999,0.35456525001857414,0.3589225
2021-07-01,0.3753999999999999,0.36211358164630764,0.3753999999999999
2021-08-01,0.3753999999999999,0.3673001447599355,0.3753999999999999
2021-09-01,0.3753999999999999,0.3695099283656232,0.3753999999999999
2021-10-01,0.3753999999999999,0.36582469723956473,0.3753999999999999
2021-11-01,0.3753999999999999,0.35924997679101117,0.3753999999999999
2021-12-01,0.3753999999999999,0.35433077687161196,0.3753999999999999
2022-01-01,0.3938279999999999,0.3513425516272231,0.3753999999999999
2022-02-01,0.3938279999999999,0.34950189302200624,0.3753999999999999
2022-03-01,0.3938279999999999,0.3494358498070953,0.3753999999999999
2022-04-01,0.3938279999999999,0.35182452237986495,0.3753999999999999
2022-05-01,0.3938279999999999,0.35585434253113346,0.3753999999999999
2022-06-01,0.3938279999999999,0.36230611998300516,0.3753999999999999
2022-07-01,0.3938279999999999,0.36935702253588165,0.3938279999999999
2022-08-01,0.3938279999999999,0.3736551596927495,0.3938279999999999
2022-09-01,0.3938279999999999,0.3755820560018988,0.3938279999999999
2022-10-01,0.3938279999999999,0.37420827161762854,0.3938279999999999
2022-11-01,0.3938279999999999,0.3702128215657534,0.3938279999999999
2022-12-01,0.3938279999999999,0.36770712620480994,0.3938279999999999
2021-01-01,0.5434655,0.47308752833735107,0.473003
2021-02-01,0.5434655,0.46720316998091926,0.473003
2021-03-01,0.5434655,0.46361190571990096,0.473003
2021-04-01,0.5434655,0.4587792724049069,0.473003
2021-05-01,0.5434655,0.45563527989666436,0.473003
2021-06-01,0.5434655,0.45520356513624555,0.473003
2021-07-01,0.5434655,0.46367068023436603,0.5434655
2021-08-01,0.5434655,0.47116510507462994,0.5434655
2021-09-01,0.5434655,0.4774282581054289,0.5434655
2021-10-01,0.5434655,0.4804057283043616,0.5434655
2021-11-01,0.5434655,0.4778013956916662,0.5434655
2021-12-01,0.5434655,0.4797249043259471,0.5434655
2022-01-01,0.5279005,0.4840946760057611,0.5434655
2022-02-01,0.5279005,0.49018028856141604,0.5434655
2022-03-01,0.5279005,0.49594841349080837,0.5434655
2022-04-01,0.5279005,0.5012437768807935,0.5434655
2022-05-01,0.5279005,0.5085942748742196,0.5434655
2022-06-01,0.5279005,0.516921146810796,0.5434655
2022-07-01,0.5279005,0.5209015661110704,0.5279005
2022-08-01,0.5279005,0.5214352071279679,0.5279005
2022-09-01,0.5279005,0.5180194770492103,0.5279005
2022-10-01,0.5279005,0.5115540173376757,0.5279005
2022-11-01,0.5279005,0.5018329362974765,0.5279005
2022-12-01,0.5279005,0.4960744481519332,0.5279005
2021-01-01,0.3624044999999999,0.3723706388967602,0.3670965
2021-02-01,0.3624044999999999,0.3667342386066698,0.3670965
2021-03-01,0.3624044999999999,0.36303483187023955,0.3670965
2021-04-01,0.3624044999999999,0.3611220125013202,0.3670965
2021-05-01,0.3624044999999999,0.3609947609084465,0.3670965
2021-06-01,0.3624044999999999,0.36239495600067173,0.3670965
2021-07-01,0.3624044999999999,0.3674555831233165,0.3624044999999999
2021-08-01,0.3624044999999999,0.369424973373534,0.3624044999999999
2021-09-01,0.3624044999999999,0.3655969665522922,0.3624044999999999
2021-10-01,0.3624044999999999,0.3598510095147574,0.3624044999999999
2021-11-01,0.3624044999999999,0.3522290041811471,0.3624044999999999
2021-12-01,0.3624044999999999,0.34573565370953063,0.3624044999999999
2022-01-01,0.35456,0.34144652842561385,0.3624044999999999
2022-02-01,0.35456,0.3393891244089114,0.3624044999999999
2022-03-01,0.35456,0.3389272823651966,0.3624044999999999
2022-04-01,0.35456,0.34053047482915005,0.3624044999999999
2022-05-01,0.35456,0.34317818941418987,0.3624044999999999
2022-06-01,0.35456,0.34739821270879995,0.3624044999999999
2022-07-01,0.35456,0.3517631824417131,0.35456
2022-08-01,0.35456,0.352850494514293,0.35456
2022-09-01,0.35456,0.34958901875721493,0.35456
2022-10-01,0.35456,0.3448844592862762,0.35456
2022-11-01,0.35456,0.3385944679769079,0.35456
2022-12-01,0.35456,0.33357600589485864,0.35456
2021-01-01,0.2395025,0.2207325560271457,0.225757
2021-02-01,0.2395025,0.21309515815141475,0.225757
2021-03-01,0.2395025,0.20871369405979753,0.225757
2021-04-01,0.2395025,0.20878077331119735,0.225757
2021-05-01,0.2395025,0.214782647806512,0.225757
2021-06-01,0.2395025,0.2288259250731544,0.225757
2021-07-01,0.2395025,0.24000438055275153,0.2395025
2021-08-01,0.2395025,0.25060915138290446,0.2395025
2021-09-01,0.2395025,0.25600384271563403,0.2395025
2021-10-01,0.2395025,0.2571026005246627,0.2395025
2021-11-01,0.2395025,0.255367025620462,0.2395025
2021-12-01,0.2395025,0.250948116210032,0.2395025
2022-01-01,0.22797,0.24193114530171184,0.2395025
2022-02-01,0.22797,0.2305087443415398,0.2395025
2022-03-01,0.22797,0.2229120807893483,0.2395025
2022-04-01,0.22797,0.21957916784960757,0.2395025
2022-05-01,0.22797,0.21955232957103818,0.2395025
2022-06-01,0.22797,0.22390299213339043,0.2395025
2022-07-01,0.22797,0.23104207290298814,0.22797
2022-08-01,0.22797,0.24115582821750095,0.22797
2022-09-01,0.22797,0.24660812646801766,0.22797
2022-10-01,0.22797,0.24721090236426901,0.22797
2022-11-01,0.22797,0.24197008711767526,0.22797
2022-12-01,0.22797,0.23385279056228023,0.22797
2021-01-01,0.6084575,0.5774595216207044,0.6061040000000001
2021-02-01,0.6084575,0.5677024917588429,0.6061040000000001
2021-03-01,0.6084575,0.5568964009493723,0.6061040000000001
2021-04-01,0.6084575,0.5497950779540365,0.6061040000000001
2021-05-01,0.6084575,0.5474062409310305,0.6061040000000001
2021-06-01,0.6084575,0.5494345372559022,0.6061040000000001
2021-07-01,0.6084575,0.5563322050785645,0.6084575
2021-08-01,0.6084575,0.565047607143499,0.6084575
2021-09-01,0.6084575,0.5713256593657097,0.6084575
2021-10-01,0.6084575,0.5722426996635914,0.6084575
2021-11-01,0.6084575,0.5683078001887337,0.6084575
2021-12-01,0.6084575,0.564188190208428,0.6084575
2022-01-01,0.5831005,0.5585535330908427,0.6084575
2022-02-01,0.5831005,0.551312098494152,0.6084575
2022-03-01,0.5831005,0.543542351068221,0.6084575
2022-04-01,0.5831005,0.537572544368991,0.6084575
2022-05-01,0.5831005,0.535109606069494,0.6084575
2022-06-01,0.5831005,0.5359647472984204,0.6084575
2022-07-01,0.5831005,0.541172031141826,0.5831005
2022-08-01,0.5831005,0.5467021636891987,0.5831005
2022-09-01,0.5831005,0.5478098018109893,0.5831005
2022-10-01,0.5831005,0.5449762913489415,0.5831005
2022-11-01,0.5831005,0.5403697113288094,0.5831005
2022-12-01,0.5831005,0.5343575093586531,0.5831005
2021-01-01,0.2575715,0.2700193278923364,0.2633344999999999
2021-02-01,0.2575715,0.27238977937892045,0.2633344999999999
2021-03-01,0.2575715,0.27359445958517054,0.2633344999999999
2021-04-01,0.2575715,0.27580531211739434,0.2633344999999999
2021-05-01,0.2575715,0.2781650907836405,0.2633344999999999
2021-06-01,0.2575715,0.27993585803841625,0.2633344999999999
2021-07-01,0.2575715,0.2796553388252811,0.2575715
2021-08-01,0.2575715,0.27868324058827537,0.2575715
2021-09-01,0.2575715,0.2769534214423463,0.2575715
2021-10-01,0.2575715,0.275315743763834,0.2575715
2021-11-01,0.2575715,0.27367604334741485,0.2575715
2021-12-01,0.2575715,0.2723949595613649,0.2575715
2022-01-01,0.260432,0.27149686393070854,0.2575715
2022-02-01,0.260432,0.27081127089544044,0.2575715
2022-03-01,0.260432,0.2680100913498556,0.2575715
2022-04-01,0.260432,0.26546940097862065,0.2575715
2022-05-01,0.260432,0.26461353616865435,0.2575715
2022-06-01,0.260432,0.2652231531947371,0.2575715
2022-07-01,0.260432,0.2686488489578164,0.260432
2022-08-01,0.260432,0.2690914503238803,0.260432
2022-09-01,0.260432,0.26848099460159225,0.260432
2022-10-01,0.260432,0.26761376628029543,0.260432
2022-11-01,0.260432,0.2672090542486824,0.260432
2022-12-01,0.260432,0.2677539272167212,0.260432
2021-01-01,0.433749,0.35009772911828435,0.3767905
2021-02-01,0.433749,0.3546319510344304,0.3767905
2021-03-01,0.433749,0.3570219063190434,0.3767905
2021-04-01,0.433749,0.3584441377429371,0.3767905
2021-05-01,0.433749,0.361241863833559,0.3767905
2021-06-01,0.433749,0.36574128807969714,0.3767905
2021-07-01,0.433749,0.3685665102498337,0.433749
2021-08-01,0.433749,0.3725121976601948,0.433749
2021-09-01,0.433749,0.37628244955843687,0.433749
2021-10-01,0.433749,0.38066475234625935,0.433749
2021-11-01,0.433749,0.3838610071396082,0.433749
2021-12-01,0.433749,0.38712725195354,0.433749
2022-01-01,0.4496259999999999,0.39168528626390686,0.433749
2022-02-01,0.4496259999999999,0.3949421245243204,0.433749
2022-03-01,0.4496259999999999,0.39553677657889696,0.433749
2022-04-01,0.4496259999999999,0.39489686781928185,0.433749
2022-05-01,0.4496259999999999,0.39733059975680646,0.433749
2022-06-01,0.4496259999999999,0.4020711409394546,0.433749
2022-07-01,0.4496259999999999,0.4037104466753066,0.4496259999999999
2022-08-01,0.4496259999999999,0.40687562037398867,0.4496259999999999
2022-09-01,0.4496259999999999,0.40876206192500036,0.4496259999999999
2022-10-01,0.4496259999999999,0.4092832376139837,0.4496259999999999
2022-11-01,0.4496259999999999,0.4097295555553888,0.4496259999999999
2022-12-01,0.4496259999999999,0.4103047367019836,0.4496259999999999
2021-01-01,0.41706899999999997,0.41210234223532877,0.419505
2021-02-01,0.41706899999999997,0.407296415638715,0.419505
2021-03-01,0.41706899999999997,0.4056883554477661,0.419505
2021-04-01,0.41706899999999997,0.40851446564917887,0.419505
2021-05-01,0.41706899999999997,0.41260756625138795,0.419505
2021-06-01,0.41706899999999997,0.4165229948182639,0.419505
2021-07-01,0.41706899999999997,0.4214536075840646,0.41706899999999997
2021-08-01,0.41706899999999997,0.424471039190426,0.41706899999999997
2021-09-01,0.41706899999999997,0.42465022416793335,0.41706899999999997
2021-10-01,0.41706899999999997,0.42230476911727177,0.41706899999999997
2021-11-01,0.41706899999999997,0.41699319093398435,0.41706899999999997
2021-12-01,0.41706899999999997,0.40995879918483563,0.41706899999999997
2022-01-01,0.4077825,0.4027954455603553,0.41706899999999997
2022-02-01,0.4077825,0.3965614660014817,0.41706899999999997
2022-03-01,0.4077825,0.3929099800639186,0.41706899999999997
2022-04-01,0.4077825,0.3937901506188147,0.41706899999999997
2022-05-01,0.4077825,0.3972861324129023,0.41706899999999997
2022-06-01,0.4077825,0.400419040975216,0.41706899999999997
2022-07-01,0.4077825,0.4058439911514307,0.4077825
2022-08-01,0.4077825,0.40905609894756195,0.4077825
2022-09-01,0.4077825,0.40943670257452874,0.4077825
2022-10-01,0.4077825,0.4072049155272199,0.4077825
2022-11-01,0.4077825,0.4031256616349099,0.4077825
2022-12-01,0.4077825,0.3979661670301824,0.4077825
2021-01-01,0.379041,0.37093225845965866,0.3598835
2021-02-01,0.379041,0.3636867126070596,0.3598835
2021-03-01,0.379041,0.35932266379546995,0.3598835
2021-04-01,0.379041,0.35661867433955735,0.3598835
2021-05-01,0.379041,0.35558872250941,0.3598835
2021-06-01,0.379041,0.35771723480830236,0.3598835
2021-07-01,0.379041,0.36527434807865605,0.379041
2021-08-01,0.379041,0.3723992861279292,0.379041
2021-09-01,0.379041,0.3746225546529961,0.379041
2021-10-01,0.379041,0.3714279443620106,0.379041
2021-11-01,0.379041,0.36522596681912717,0.379041
2021-12-01,0.379041,0.36003923925526304,0.379041
2022-01-01,0.3685945,0.3566640297147377,0.379041
2022-02-01,0.3685945,0.3553958552722398,0.379041
2022-03-01,0.3685945,0.35478137051916164,0.379041
2022-04-01,0.3685945,0.3548998404694152,0.379041
2022-05-01,0.3685945,0.3576029090040044,0.379041
2022-06-01,0.3685945,0.36304279126167804,0.379041
2022-07-01,0.3685945,0.36898977226810503,0.3685945
2022-08-01,0.3685945,0.3737306423512259,0.3685945
2022-09-01,0.3685945,0.37316496642829106,0.3685945
2022-10-01,0.3685945,0.3690450933276071,0.3685945
2022-11-01,0.3685945,0.3629485612762598,0.3685945
2022-12-01,0.3685945,0.35845811601302535,0.3685945
2021-01-01,0.384464,0.3042226254110138,0.3055535
2021-02-01,0.384464,0.29440336757972435,0.3055535
2021-03-01,0.384464,0.28406056597604834,0.3055535
2021-04-01,0.384464,0.27396685714534436,0.3055535
2021-05-01,0.384464,0.2678206446776011,0.3055535
2021-06-01,0.384464,0.26561235756906404,0.3055535
2021-07-01,0.384464,0.27655045258323835,0.384464
2021-08-01,0.384464,0.28966759545392984,0.384464
2021-09-01,0.384464,0.29876659414013235,0.384464
2021-10-01,0.384464,0.3049051596718862,0.384464
2021-11-01,0.384464,0.30702456142768575,0.384464
2021-12-01,0.384464,0.30913087294467334,0.384464
2022-01-01,0.3086735,0.31886122897820174,0.384464
2022-02-01,0.3086735,0.3283090595057117,0.384464
2022-03-01,0.3086735,0.33428814119827077,0.384464
2022-04-01,0.3086735,0.34212294513769465,0.384464
2022-05-01,0.3086735,0.3477274749719839,0.384464
2022-06-01,0.3086735,0.35585042861550875,0.384464
2022-07-01,0.3086735,0.3559249903526617,0.3086735
2022-08-01,0.3086735,0.3500176747432379,0.3086735
2022-09-01,0.3086735,0.3396300111150905,0.3086735
2022-10-01,0.3086735,0.32442592896525135,0.3086735
2022-11-01,0.3086735,0.3067515740353747,0.3086735
2022-12-01,0.3086735,0.29240641546989754,0.3086735
2021-01-01,0.1356699999999999,0.1359085978863415,0.1064195
2021-02-01,0.1356699999999999,0.12261996630920301,0.1064195
2021-03-01,0.1356699999999999,0.11151399227126922,0.1064195
2021-04-01,0.1356699999999999,0.10333247789858656,0.1064195
2021-05-01,0.1356699999999999,0.10179421038793698,0.1064195
2021-06-01,0.1356699999999999,0.10658067429908087,0.1064195
2021-07-01,0.1356699999999999,0.11665145876684013,0.1356699999999999
2021-08-01,0.1356699999999999,0.13138092108960148,0.1356699999999999
2021-09-01,0.1356699999999999,0.1464833565483638,0.1356699999999999
2021-10-01,0.1356699999999999,0.15750823195225047,0.1356699999999999
2021-11-01,0.1356699999999999,0.16196932284829965,0.1356699999999999
2021-12-01,0.1356699999999999,0.16071723163891502,0.1356699999999999
2022-01-01,0.123926,0.15611966349173392,0.1356699999999999
2022-02-01,0.123926,0.14877122112626193,0.1356699999999999
2022-03-01,0.123926,0.14110043985255558,0.1356699999999999
2022-04-01,0.123926,0.13565901998517224,0.1356699999999999
2022-05-01,0.123926,0.13465020823290536,0.1356699999999999
2022-06-01,0.123926,0.13908163230632026,0.1356699999999999
2022-07-01,0.123926,0.14515116162886188,0.123926
2022-08-01,0.123926,0.15378747957514433,0.123926
2022-09-01,0.123926,0.16129032426750844,0.123926
2022-10-01,0.123926,0.16365005359868362,0.123926
2022-11-01,0.123926,0.16023762896967636,0.123926
2022-12-01,0.123926,0.1517857584084639,0.123926
2021-01-01,0.3265245,0.2765020055436149,0.2766005
2021-02-01,0.3265245,0.2740390014640232,0.2766005
2021-03-01,0.3265245,0.2728698918438917,0.2766005
2021-04-01,0.3265245,0.2719265395081968,0.2766005
2021-05-01,0.3265245,0.2709520074076933,0.2766005
2021-06-01,0.3265245,0.2706761256912228,0.2766005
2021-07-01,0.3265245,0.27246284461892273,0.3265245
2021-08-01,0.3265245,0.2743061673179682,0.3265245
2021-09-01,0.3265245,0.2748772372086547,0.3265245
2021-10-01,0.3265245,0.273693968423175,0.3265245
2021-11-01,0.3265245,0.27029530827894876,0.3265245
2021-12-01,0.3265245,0.26917272163067557,0.3265245
2022-01-01,0.2942054999999999,0.27146953230143017,0.3265245
2022-02-01,0.2942054999999999,0.274611584296884,0.3265245
2022-03-01,0.2942054999999999,0.27618754380170085,0.3265245
2022-04-01,0.2942054999999999,0.27867712303948383,0.3265245
2022-05-01,0.2942054999999999,0.28120176306765277,0.3265245
2022-06-01,0.2942054999999999,0.2847176433403365,0.3265245
2022-07-01,0.2942054999999999,0.28661207717283393,0.2942054999999999
2022-08-01,0.2942054999999999,0.28350834208244546,0.2942054999999999
2022-09-01,0.2942054999999999,0.27755586843812496,0.2942054999999999
2022-10-01,0.2942054999999999,0.2706539906894125,0.2942054999999999
2022-11-01,0.2942054999999999,0.26772850321018427,0.2942054999999999
2022-12-01,0.2942054999999999,0.26678677893182906,0.2942054999999999
2021-01-01,0.816295,0.7447050172897858,0.7699610000000001
2021-02-01,0.816295,0.743034860689598,0.7699610000000001
2021-03-01,0.816295,0.741532838011036,0.7699610000000001
2021-04-01,0.816295,0.7396083755653843,0.7699610000000001
2021-05-01,0.816295,0.7403605051662724,0.7699610000000001
2021-06-01,0.816295,0.742832257998437,0.7699610000000001
2021-07-01,0.816295,0.7494103990119062,0.816295
2021-08-01,0.816295,0.7543866631633127,0.816295
2021-09-01,0.816295,0.7547969993930083,0.816295
2021-10-01,0.816295,0.7527259788967375,0.816295
2021-11-01,0.816295,0.7496541800422447,0.816295
2021-12-01,0.816295,0.7480701953658949,0.816295
2022-01-01,0.7834569999999998,0.7514914180825459,0.816295
2022-02-01,0.7834569999999998,0.7554299354626028,0.816295
2022-03-01,0.7834569999999998,0.7569298531781399,0.816295
2022-04-01,0.7834569999999998,0.7591967667959293,0.816295
2022-05-01,0.7834569999999998,0.7636246880793103,0.816295
2022-06-01,0.7834569999999998,0.769776705640396,0.816295
2022-07-01,0.7834569999999998,0.772666425193222,0.7834569999999998
2022-08-01,0.7834569999999998,0.7721115043157433,0.7834569999999998
2022-09-01,0.7834569999999998,0.7675304469722899,0.7834569999999998
2022-10-01,0.7834569999999998,0.7616457597153855,0.7834569999999998
2022-11-01,0.7834569999999998,0.7548460713435298,0.7834569999999998
2022-12-01,0.7834569999999998,0.7482174112174593,0.7834569999999998
2021-01-01,0.419093,0.3668320864972873,0.399137
2021-02-01,0.419093,0.3636992108250208,0.399137
2021-03-01,0.419093,0.3611231965430218,0.399137
2021-04-01,0.419093,0.35886638016974315,0.399137
2021-05-01,0.419093,0.3593692361023992,0.399137
2021-06-01,0.419093,0.3619951116960541,0.399137
2021-07-01,0.419093,0.36851911569172285,0.419093
2021-08-01,0.419093,0.3765978980017689,0.419093
2021-09-01,0.419093,0.3798129001220596,0.419093
2021-10-01,0.419093,0.37846480286470435,0.419093
2021-11-01,0.419093,0.3728162990372199,0.419093
2021-12-01,0.419093,0.3687600681779965,0.419093
2022-01-01,0.4100865000000001,0.3691484009660709,0.419093
2022-02-01,0.4100865000000001,0.36989326186651306,0.419093
2022-03-01,0.4100865000000001,0.368891365246684,0.419093
2022-04-01,0.4100865000000001,0.3688809719917478,0.419093
2022-05-01,0.4100865000000001,0.37093755375726856,0.419093
2022-06-01,0.4100865000000001,0.3763210295838803,0.419093
2022-07-01,0.4100865000000001,0.3810288451694984,0.4100865000000001
2022-08-01,0.4100865000000001,0.3838619938410262,0.4100865000000001
2022-09-01,0.4100865000000001,0.3824314741252214,0.4100865000000001
2022-10-01,0.4100865000000001,0.37694962416723576,0.4100865000000001
2022-11-01,0.4100865000000001,0.369922139328013,0.4100865000000001
2022-12-01,0.4100865000000001,0.36390194507637097,0.4100865000000001
2021-01-01,0.8635430000000002,0.8037763315413763,0.8362875000000001
2021-02-01,0.8635430000000002,0.798337370205026,0.8362875000000001
2021-03-01,0.8635430000000002,0.7939577315110321,0.8362875000000001
2021-04-01,0.8635430000000002,0.7888434607212959,0.8362875000000001
2021-05-01,0.8635430000000002,0.7869033426131454,0.8362875000000001
2021-06-01,0.8635430000000002,0.7893306281014058,0.8362875000000001
2021-07-01,0.8635430000000002,0.796002966210246,0.8635430000000002
2021-08-01,0.8635430000000002,0.8012064348081688,0.8635430000000002
2021-09-01,0.8635430000000002,0.8045387228370114,0.8635430000000002
2021-10-01,0.8635430000000002,0.8058570874916379,0.8635430000000002
2021-11-01,0.8635430000000002,0.8052461219736172,0.8635430000000002
2021-12-01,0.8635430000000002,0.8044493934686359,0.8635430000000002
2022-01-01,0.8600359999999999,0.8059491796239838,0.8635430000000002
2022-02-01,0.8600359999999999,0.8070540220917567,0.8635430000000002
2022-03-01,0.8600359999999999,0.8063359665798366,0.8635430000000002
2022-04-01,0.8600359999999999,0.8048978821531605,0.8635430000000002
2022-05-01,0.8600359999999999,0.8071025678015219,0.8635430000000002
2022-06-01,0.8600359999999999,0.8114643143098029,0.8635430000000002
2022-07-01,0.8600359999999999,0.8151570772566854,0.8600359999999999
2022-08-01,0.8600359999999999,0.8173300568994819,0.8600359999999999
2022-09-01,0.8600359999999999,0.8181861190497318,0.8600359999999999
2022-10-01,0.8600359999999999,0.8175675230407453,0.8600359999999999
2022-11-01,0.8600359999999999,0.8152820594362977,0.8600359999999999
2022-12-01,0.8600359999999999,0.8130021213597908,0.8600359999999999
2021-01-01,0.413021,0.39252911331657364,0.3799145
2021-02-01,0.413021,0.3907150956496426,0.3799145
2021-03-01,0.413021,0.3910898448481959,0.3799145
2021-04-01,0.413021,0.3931226799995904,0.3799145
2021-05-01,0.413021,0.39448524887774283,0.3799145
2021-06-01,0.413021,0.39778724517305314,0.3799145
2021-07-01,0.413021,0.4035435954655241,0.413021
2021-08-01,0.413021,0.40803002814299205,0.413021
2021-09-01,0.413021,0.40974593479892746,0.413021
2021-10-01,0.413021,0.40879330746990344,0.413021
2021-11-01,0.413021,0.40504341451091924,0.413021
2021-12-01,0.413021,0.40175391643357017,0.413021
2022-01-01,0.409029,0.39896865567086226,0.413021
2022-02-01,0.409029,0.39671621367387006,0.413021
2022-03-01,0.409029,0.3954909936331021,0.413021
2022-04-01,0.409029,0.39695555454782766,0.413021
2022-05-01,0.409029,0.398986646526717,0.413021
2022-06-01,0.409029,0.4029366096432227,0.413021
2022-07-01,0.409029,0.4071545279748077,0.409029
2022-08-01,0.409029,0.4097411986321211,0.409029
2022-09-01,0.409029,0.4097405408311758,0.409029
2022-10-01,0.409029,0.4081168249777281,0.409029
2022-11-01,0.409029,0.40598423431297465,0.409029
2022-12-01,0.409029,0.40510087342349366,0.409029
2021-01-01,0.4257149999999999,0.3752491758335156,0.4356065
2021-02-01,0.4257149999999999,0.37819184836244046,0.4356065
2021-03-01,0.4257149999999999,0.379837271647084,0.4356065
2021-04-01,0.4257149999999999,0.3861965951760899,0.4356065
2021-05-01,0.4257149999999999,0.3961846447299505,0.4356065
2021-06-01,0.4257149999999999,0.4108333455416492,0.4356065
2021-07-01,0.4257149999999999,0.42312172500132195,0.4257149999999999
2021-08-01,0.4257149999999999,0.4342488555621598,0.4257149999999999
2021-09-01,0.4257149999999999,0.4369545553005303,0.4257149999999999
2021-10-01,0.4257149999999999,0.433548856686189,0.4257149999999999
2021-11-01,0.4257149999999999,0.422513324906988,0.4257149999999999
2021-12-01,0.4257149999999999,0.4117248631628523,0.4257149999999999
2022-01-01,0.4258695,0.40273749329707187,0.4257149999999999
2022-02-01,0.4258695,0.39148097329028797,0.4257149999999999
2022-03-01,0.4258695,0.38180991801198094,0.4257149999999999
2022-04-01,0.4258695,0.3757594649168538,0.4257149999999999
2022-05-01,0.4258695,0.3721274169972251,0.4257149999999999
2022-06-01,0.4258695,0.373330271805852,0.4257149999999999
2022-07-01,0.4258695,0.3821281949993779,0.4258695
2022-08-01,0.4258695,0.3908818810793305,0.4258695
2022-09-01,0.4258695,0.3960109523903366,0.4258695
2022-10-01,0.4258695,0.39812713092150415,0.4258695
2022-11-01,0.4258695,0.39763647719638395,0.4258695
2022-12-01,0.4258695,0.3956673500665446,0.4258695
2021-01-01,0.3490945,0.3147431648301175,0.32112
2021-02-01,0.3490945,0.3130380132196382,0.32112
2021-03-01,0.3490945,0.3112249822541251,0.32112
2021-04-01,0.3490945,0.3099415797197429,0.32112
2021-05-01,0.3490945,0.3099450989548004,0.32112
2021-06-01,0.3490945,0.31021022562581485,0.32112
2021-07-01,0.3490945,0.31351488601495375,0.3490945
2021-08-01,0.3490945,0.3197129167521652,0.3490945
2021-09-01,0.3490945,0.3225038346030029,0.3490945
2021-10-01,0.3490945,0.32079532820770246,0.3490945
2021-11-01,0.3490945,0.31471754348329695,0.3490945
2021-12-01,0.3490945,0.3108767424336685,0.3490945
2022-01-01,0.3185255,0.3109723209110246,0.3490945
2022-02-01,0.3185255,0.31060046603663066,0.3490945
2022-03-01,0.3185255,0.3096230396119678,0.3490945
2022-04-01,0.3185255,0.31009843235515633,0.3490945
2022-05-01,0.3185255,0.3107647189326791,0.3490945
2022-06-01,0.3185255,0.3122849955874739,0.3490945
2022-07-01,0.3185255,0.31475602483859866,0.3185255
2022-08-01,0.3185255,0.31624051712196766,0.3185255
2022-09-01,0.3185255,0.3152238857609632,0.3185255
2022-10-01,0.3185255,0.3109141055273631,0.3185255
2022-11-01,0.3185255,0.3046439798065437,0.3185255
2022-12-01,0.3185255,0.29916249163907804,0.3185255
2021-01-01,0.15052050000000003,0.09725387914551123,0.1096984999999999
2021-02-01,0.15052050000000003,0.0965686890133221,0.1096984999999999
2021-03-01,0.15052050000000003,0.09614633147135063,0.1096984999999999
2021-04-01,0.15052050000000003,0.0990119261745067,0.1096984999999999
2021-05-01,0.15052050000000003,0.10270238681808048,0.1096984999999999
2021-06-01,0.15052050000000003,0.1078245018840898,0.1096984999999999
2021-07-01,0.15052050000000003,0.11440470674802501,0.15052050000000003
2021-08-01,0.15052050000000003,0.12085598262667593,0.15052050000000003
2021-09-01,0.15052050000000003,0.12545013843145317,0.15052050000000003
2021-10-01,0.15052050000000003,0.1277977971152816,0.15052050000000003
2021-11-01,0.15052050000000003,0.12826976929355446,0.15052050000000003
2021-12-01,0.15052050000000003,0.12810824627142917,0.15052050000000003
2022-01-01,0.168306,0.12670890632043286,0.15052050000000003
2022-02-01,0.168306,0.12553348181122623,0.15052050000000003
2022-03-01,0.168306,0.12722111947153616,0.15052050000000003
2022-04-01,0.168306,0.13157416656231521,0.15052050000000003
2022-05-01,0.168306,0.13818379979604203,0.15052050000000003
2022-06-01,0.168306,0.1457487408976451,0.15052050000000003
2022-07-01,0.168306,0.15205844979034963,0.168306
2022-08-01,0.168306,0.15528134552198425,0.168306
2022-09-01,0.168306,0.15557641858103477,0.168306
2022-10-01,0.168306,0.15312476156774998,0.168306
2022-11-01,0.168306,0.15079428793361824,0.168306
2022-12-01,0.168306,0.14627797464820877,0.168306
2021-01-01,0.5018785,0.4533428436021962,0.46624050000000006
2021-02-01,0.5018785,0.4515250764698768,0.46624050000000006
2021-03-01,0.5018785,0.44869202646849077,0.46624050000000006
2021-04-01,0.5018785,0.4475236733194464,0.46624050000000006
2021-05-01,0.5018785,0.4476069180290777,0.46624050000000006
2021-06-01,0.5018785,0.45007876953138404,0.46624050000000006
2021-07-01,0.5018785,0.4558108469689724,0.5018785
2021-08-01,0.5018785,0.4590360121138684,0.5018785
2021-09-01,0.5018785,0.45924601506566437,0.5018785
2021-10-01,0.5018785,0.45711085897722414,0.5018785
2021-11-01,0.5018785,0.454297543004198,0.5018785
2021-12-01,0.5018785,0.4530643306819443,0.5018785
2022-01-01,0.5046525,0.45378593831896913,0.5018785
2022-02-01,0.5046525,0.45386875545798594,0.5018785
2022-03-01,0.5046525,0.45285205831688696,0.5018785
2022-04-01,0.5046525,0.45317891960662043,0.5018785
2022-05-01,0.5046525,0.45459595440304607,0.5018785
2022-06-01,0.5046525,0.4579946474373196,0.5018785
2022-07-01,0.5046525,0.4618159117988719,0.5046525
2022-08-01,0.5046525,0.4633796033160584,0.5046525
2022-09-01,0.5046525,0.4616651438222027,0.5046525
2022-10-01,0.5046525,0.4601739090791441,0.5046525
2022-11-01,0.5046525,0.4593160708663418,0.5046525
2022-12-01,0.5046525,0.4589470116459655,0.5046525
2021-01-01,0.4129865,0.35894018543580897,0.38252450000000005
2021-02-01,0.4129865,0.3532433661288902,0.38252450000000005
2021-03-01,0.4129865,0.3470026112202797,0.38252450000000005
2021-04-01,0.4129865,0.34353728295024444,0.38252450000000005
2021-05-01,0.4129865,0.3430971154476782,0.38252450000000005
2021-06-01,0.4129865,0.34619946915608146,0.38252450000000005
2021-07-01,0.4129865,0.3552393973173935,0.4129865
2021-08-01,0.4129865,0.3642015405169206,0.4129865
2021-09-01,0.4129865,0.3691425136476102,0.4129865
2021-10-01,0.4129865,0.36935162856813,0.4129865
2021-11-01,0.4129865,0.3646698947899941,0.4129865
2021-12-01,0.4129865,0.3607501576269263,0.4129865
2022-01-01,0.3841205,0.35996546687924447,0.4129865
2022-02-01,0.3841205,0.35845683330118194,0.4129865
2022-03-01,0.3841205,0.3538373932725687,0.4129865
2022-04-01,0.3841205,0.3528668079777372,0.4129865
2022-05-01,0.3841205,0.3527675787051344,0.4129865
2022-06-01,0.3841205,0.35581135523935625,0.4129865
2022-07-01,0.3841205,0.3593575930256669,0.3841205
2022-08-01,0.3841205,0.36027075229797123,0.3841205
2022-09-01,0.3841205,0.3559518944113256,0.3841205
2022-10-01,0.3841205,0.34865582944612533,0.3841205
2022-11-01,0.3841205,0.3396666506277453,0.3841205
2022-12-01,0.3841205,0.3320892441982283,0.3841205
2021-01-01,0.8180299999999999,0.7386083865682966,0.8030725
2021-02-01,0.8180299999999999,0.7403947108154294,0.8030725
2021-03-01,0.8180299999999999,0.741599144346325,0.8030725
2021-04-01,0.8180299999999999,0.7416178258931724,0.8030725
2021-05-01,0.8180299999999999,0.7450848315556182,0.8030725
2021-06-01,0.8180299999999999,0.7515225978473544,0.8030725
2021-07-01,0.8180299999999999,0.7576732998065495,0.8180299999999999
2021-08-01,0.8180299999999999,0.762837826588509,0.8180299999999999
2021-09-01,0.8180299999999999,0.7640458122445093,0.8180299999999999
2021-10-01,0.8180299999999999,0.762218441218388,0.8180299999999999
2021-11-01,0.8180299999999999,0.7582866334079734,0.8180299999999999
2021-12-01,0.8180299999999999,0.7550664346602146,0.8180299999999999
2022-01-01,0.7531055,0.7536964984114745,0.8180299999999999
2022-02-01,0.7531055,0.7495018333433068,0.8180299999999999
2022-03-01,0.7531055,0.7415470465114551,0.8180299999999999
2022-04-01,0.7531055,0.7350463944493455,0.8180299999999999
2022-05-01,0.7531055,0.7318926335970648,0.8180299999999999
2022-06-01,0.7531055,0.7321314153402189,0.8180299999999999
2022-07-01,0.7531055,0.7331666624679761,0.7531055
2022-08-01,0.7531055,0.7322165347825443,0.7531055
2022-09-01,0.7531055,0.7285666604572972,0.7531055
2022-10-01,0.7531055,0.7258058698897556,0.7531055
2022-11-01,0.7531055,0.7227876160322125,0.7531055
2022-12-01,0.7531055,0.7194432244659758,0.7531055
2021-01-01,0.416976,0.43013947438655387,0.4459245
2021-02-01,0.416976,0.43048136642788815,0.4459245
2021-03-01,0.416976,0.4320170027347564,0.4459245
2021-04-01,0.416976,0.43332082998849103,0.4459245
2021-05-01,0.416976,0.43634155059957913,0.4459245
2021-06-01,0.416976,0.4403964658569119,0.4459245
2021-07-01,0.416976,0.4415699169632825,0.416976
2021-08-01,0.416976,0.4410138120441022,0.416976
2021-09-01,0.416976,0.43952014343754586,0.416976
2021-10-01,0.416976,0.4368416108782175,0.416976
2021-11-01,0.416976,0.43239471203756374,0.416976
2021-12-01,0.416976,0.42670660859317056,0.416976
2022-01-01,0.4431055,0.4214188099140567,0.416976
2022-02-01,0.4431055,0.4169776997217219,0.416976
2022-03-01,0.4431055,0.4116099124476562,0.416976
2022-04-01,0.4431055,0.40726369004168494,0.416976
2022-05-01,0.4431055,0.4070976939731314,0.416976
2022-06-01,0.4431055,0.40881590293237546,0.416976
2022-07-01,0.4431055,0.41517229924717464,0.4431055
2022-08-01,0.4431055,0.419372358283094,0.4431055
2022-09-01,0.4431055,0.4216839365850712,0.4431055
2022-10-01,0.4431055,0.42493268389385724,0.4431055
2022-11-01,0.4431055,0.4248799611480892,0.4431055
2022-12-01,0.4431055,0.4256735322085329,0.4431055
2021-01-01,0.522512,0.47828464915615143,0.4528645
2021-02-01,0.522512,0.4489720523309169,0.4528645
2021-03-01,0.522512,0.41983946273437145,0.4528645
2021-04-01,0.522512,0.3914057208621424,0.4528645
2021-05-01,0.522512,0.3738573677033433,0.4528645
2021-06-01,0.522512,0.3688273941047508,0.4528645
2021-07-01,0.522512,0.388322476271201,0.522512
2021-08-01,0.522512,0.41317011761983247,0.522512
2021-09-01,0.522512,0.43904274440147406,0.522512
2021-10-01,0.522512,0.45611083709008926,0.522512
2021-11-01,0.522512,0.4617417776323334,0.522512
2021-12-01,0.522512,0.4606412766507996,0.522512
2022-01-01,0.5117285,0.459001642014475,0.522512
2022-02-01,0.5117285,0.45387316272431966,0.522512
2022-03-01,0.5117285,0.44745894570642614,0.522512
2022-04-01,0.5117285,0.4449613412971102,0.522512
2022-05-01,0.5117285,0.44931657557603244,0.522512
2022-06-01,0.5117285,0.461676786898935,0.522512
2022-07-01,0.5117285,0.47169358235410647,0.5117285
2022-08-01,0.5117285,0.47971513598190896,0.5117285
2022-09-01,0.5117285,0.4868212280340985,0.5117285
2022-10-01,0.5117285,0.48583071137062356,0.5117285
2022-11-01,0.5117285,0.4786394012059668,0.5117285
2022-12-01,0.5117285,0.468259466738927,0.5117285
2021-01-01,0.33474199999999993,0.315954867061459,0.322423
2021-02-01,0.33474199999999993,0.30924608678024756,0.322423
2021-03-01,0.33474199999999993,0.30398443568871053,0.322423
2021-04-01,0.33474199999999993,0.29993054002284303,0.322423
2021-05-01,0.33474199999999993,0.29823939957249923,0.322423
2021-06-01,0.33474199999999993,0.2995996003672485,0.322423
2021-07-01,0.33474199999999993,0.30773232235481146,0.33474199999999993
2021-08-01,0.33474199999999993,0.31546398310600793,0.33474199999999993
2021-09-01,0.33474199999999993,0.32073510653115767,0.33474199999999993
2021-10-01,0.33474199999999993,0.3188895473088981,0.33474199999999993
2021-11-01,0.33474199999999993,0.3130043338112374,0.33474199999999993
2021-12-01,0.33474199999999993,0.30737720851447614,0.33474199999999993
2022-01-01,0.327285,0.30216630676587114,0.33474199999999993
2022-02-01,0.327285,0.2989606783090514,0.33474199999999993
2022-03-01,0.327285,0.29484945529079853,0.33474199999999993
2022-04-01,0.327285,0.2912457914819608,0.33474199999999993
2022-05-01,0.327285,0.28980744393490654,0.33474199999999993
2022-06-01,0.327285,0.29256718202093573,0.33474199999999993
2022-07-01,0.327285,0.29859605924505606,0.327285
2022-08-01,0.327285,0.30446170316459326,0.327285
2022-09-01,0.327285,0.30765549120439717,0.327285
2022-10-01,0.327285,0.3069380934934224,0.327285
2022-11-01,0.327285,0.3046830860727434,0.327285
2022-12-01,0.327285,0.30089675094138807,0.327285
2021-01-01,0.6703429999999999,0.6400008674190891,0.6887745
2021-02-01,0.6703429999999999,0.6364732125094841,0.6887745
2021-03-01,0.6703429999999999,0.6329471363221477,0.6887745
2021-04-01,0.6703429999999999,0.6321848765867016,0.6887745
2021-05-01,0.6703429999999999,0.6361778598850317,0.6887745
2021-06-01,0.6703429999999999,0.6429678785829912,0.6887745
2021-07-01,0.6703429999999999,0.6505793591014762,0.6703429999999999
2021-08-01,0.6703429999999999,0.655967275084469,0.6703429999999999
2021-09-01,0.6703429999999999,0.6556310730213118,0.6703429999999999
2021-10-01,0.6703429999999999,0.6500428566504667,0.6703429999999999
2021-11-01,0.6703429999999999,0.639988500761317,0.6703429999999999
2021-12-01,0.6703429999999999,0.6311120032448716,0.6703429999999999
2022-01-01,0.6556409999999999,0.6264317495188628,0.6703429999999999
2022-02-01,0.6556409999999999,0.6235375569196085,0.6703429999999999
2022-03-01,0.6556409999999999,0.6184328900236741,0.6703429999999999
2022-04-01,0.6556409999999999,0.615458708829468,0.6703429999999999
2022-05-01,0.6556409999999999,0.6157461678425763,0.6703429999999999
2022-06-01,0.6556409999999999,0.618186083108987,0.6703429999999999
2022-07-01,0.6556409999999999,0.6230330235945419,0.6556409999999999
2022-08-01,0.6556409999999999,0.6240607060114279,0.6556409999999999
2022-09-01,0.6556409999999999,0.6202065844926565,0.6556409999999999
2022-10-01,0.6556409999999999,0.6133886092545207,0.6556409999999999
2022-11-01,0.6556409999999999,0.6048070696819604,0.6556409999999999
2022-12-01,0.6556409999999999,0.5985875617438841,0.6556409999999999
2021-01-01,0.5624199999999999,0.5505156002195015,0.5958225
2021-02-01,0.5624199999999999,0.5484208002190571,0.5958225
2021-03-01,0.5624199999999999,0.5471603878277141,0.5958225
2021-04-01,0.5624199999999999,0.5460547559988068,0.5958225
2021-05-01,0.5624199999999999,0.5474470574796881,0.5958225
2021-06-01,0.5624199999999999,0.551996441707624,0.5958225
2021-07-01,0.5624199999999999,0.5576561610412262,0.5624199999999999
2021-08-01,0.5624199999999999,0.5606694156115848,0.5624199999999999
2021-09-01,0.5624199999999999,0.5560057384693983,0.5624199999999999
2021-10-01,0.5624199999999999,0.54663368661079,0.5624199999999999
2021-11-01,0.5624199999999999,0.5359811265419591,0.5624199999999999
2021-12-01,0.5624199999999999,0.5277657847556628,0.5624199999999999
2022-01-01,0.5485525,0.5259216398054358,0.5624199999999999
2022-02-01,0.5485525,0.5248000234135569,0.5624199999999999
2022-03-01,0.5485525,0.5217263827164172,0.5624199999999999
2022-04-01,0.5485525,0.5216933611089618,0.5624199999999999
2022-05-01,0.5485525,0.521176822916643,0.5624199999999999
2022-06-01,0.5485525,0.522662795252139,0.5624199999999999
2022-07-01,0.5485525,0.5265015900088842,0.5485525
2022-08-01,0.5485525,0.5275522296787621,0.5485525
2022-09-01,0.5485525,0.5208472317529864,0.5485525
2022-10-01,0.5485525,0.5097353292840329,0.5485525
2022-11-01,0.5485525,0.5004086656906522,0.5485525
2022-12-01,0.5485525,0.494241156917304,0.5485525
2021-01-01,0.152021,0.11709027777746844,0.122057
2021-02-01,0.152021,0.11611587723715405,0.122057
2021-03-01,0.152021,0.11649886539254765,0.122057
2021-04-01,0.152021,0.11891465580928844,0.122057
2021-05-01,0.152021,0.12199964357273504,0.122057
2021-06-01,0.152021,0.12569595864472224,0.122057
2021-07-01,0.152021,0.13100540719744916,0.152021
2021-08-01,0.152021,0.13617026287988115,0.152021
2021-09-01,0.152021,0.13794603764435323,0.152021
2021-10-01,0.152021,0.14242344200384655,0.152021
2021-11-01,0.152021,0.14101435015383576,0.152021
2021-12-01,0.152021,0.14035011920426715,0.152021
2022-01-01,0.151464,0.13735201050067478,0.152021
2022-02-01,0.151464,0.13697162065901522,0.152021
2022-03-01,0.151464,0.13798979785224116,0.152021
2022-04-01,0.151464,0.14260119626429782,0.152021
2022-05-01,0.151464,0.14728848846042167,0.152021
2022-06-01,0.151464,0.15153870481842233,0.152021
2022-07-01,0.151464,0.15532145493462562,0.151464
2022-08-01,0.151464,0.15624678352441856,0.151464
2022-09-01,0.151464,0.1533493019204377,0.151464
2022-10-01,0.151464,0.14835287617005694,0.151464
2022-11-01,0.151464,0.14474853811525024,0.151464
2022-12-01,0.151464,0.1417487849092945,0.151464
2021-01-01,0.24045849999999996,0.2665433268019632,0.2450445
2021-02-01,0.24045849999999996,0.2652914493778858,0.2450445
2021-03-01,0.24045849999999996,0.2638350945299532,0.2450445
2021-04-01,0.24045849999999996,0.26445602573229554,0.2450445
2021-05-01,0.24045849999999996,0.2673169007136689,0.2450445
2021-06-01,0.24045849999999996,0.26957669363622516,0.2450445
2021-07-01,0.24045849999999996,0.2715045930918161,0.24045849999999996
2021-08-01,0.24045849999999996,0.2713842812989157,0.24045849999999996
2021-09-01,0.24045849999999996,0.27013296300564177,0.24045849999999996
2021-10-01,0.24045849999999996,0.2679961953048855,0.24045849999999996
2021-11-01,0.24045849999999996,0.26505485482287494,0.24045849999999996
2021-12-01,0.24045849999999996,0.2622093066035277,0.24045849999999996
2022-01-01,0.243314,0.25943177500192743,0.24045849999999996
2022-02-01,0.243314,0.2572955170969038,0.24045849999999996
2022-03-01,0.243314,0.25484318583765003,0.24045849999999996
2022-04-01,0.243314,0.2541659468743876,0.24045849999999996
2022-05-01,0.243314,0.25457572397327966,0.24045849999999996
2022-06-01,0.243314,0.2544902262954106,0.24045849999999996
2022-07-01,0.243314,0.25553256122835377,0.243314
2022-08-01,0.243314,0.25627712611837056,0.243314
2022-09-01,0.243314,0.25453043437819384,0.243314
2022-10-01,0.243314,0.25344272762504666,0.243314
2022-11-01,0.243314,0.25272870114391677,0.243314
2022-12-01,0.243314,0.25268000742893887,0.243314
2021-01-01,0.5671535,0.5786873728652536,0.626403
2021-02-01,0.5671535,0.575786470696357,0.626403
2021-03-01,0.5671535,0.5732357817507532,0.626403
2021-04-01,0.5671535,0.5719642525234341,0.626403
2021-05-01,0.5671535,0.5726069898271141,0.626403
2021-06-01,0.5671535,0.5766618064143051,0.626403
2021-07-01,0.5671535,0.5808300936645651,0.5671535
2021-08-01,0.5671535,0.5808828493003805,0.5671535
2021-09-01,0.5671535,0.5753141696176115,0.5671535
2021-10-01,0.5671535,0.5663036122685083,0.5671535
2021-11-01,0.5671535,0.5535589820731561,0.5671535
2021-12-01,0.5671535,0.5407291995454312,0.5671535
2022-01-01,0.492903,0.5318593458185337,0.5671535
2022-02-01,0.492903,0.5236527527848104,0.5671535
2022-03-01,0.492903,0.5146813674820014,0.5671535
2022-04-01,0.492903,0.5079024656200181,0.5671535
2022-05-01,0.492903,0.5023780888309171,0.5671535
2022-06-01,0.492903,0.5011999344477873,0.5671535
2022-07-01,0.492903,0.5067616414405357,0.492903
2022-08-01,0.492903,0.5064647429838619,0.492903
2022-09-01,0.492903,0.5024313049273941,0.492903
2022-10-01,0.492903,0.49388624041725226,0.492903
2022-11-01,0.492903,0.48270480838837754,0.492903
2022-12-01,0.492903,0.47319422365068325,0.492903
2021-01-01,0.3575375,0.3281145477661782,0.3575495
2021-02-01,0.3575375,0.32393751176334534,0.3575495
2021-03-01,0.3575375,0.3212783514418568,0.3575495
2021-04-01,0.3575375,0.3204749791473277,0.3575495
2021-05-01,0.3575375,0.32352214335641793,0.3575495
2021-06-01,0.3575375,0.3315584646154431,0.3575495
2021-07-01,0.3575375,0.34080918508968555,0.3575375
2021-08-01,0.3575375,0.3492651504617827,0.3575375
2021-09-01,0.3575375,0.3550592256384682,0.3575375
2021-10-01,0.3575375,0.35431334514656077,0.3575375
2021-11-01,0.3575375,0.3469077234339161,0.3575375
2021-12-01,0.3575375,0.3368216286491543,0.3575375
2022-01-01,0.3384795,0.32612522614731726,0.3575375
2022-02-01,0.3384795,0.31642397780561965,0.3575375
2022-03-01,0.3384795,0.3069882837055509,0.3575375
2022-04-01,0.3384795,0.29809356510292,0.3575375
2022-05-01,0.3384795,0.2924206568603639,0.3575375
2022-06-01,0.3384795,0.29181044781343035,0.3575375
2022-07-01,0.3384795,0.2983947721557857,0.3384795
2022-08-01,0.3384795,0.3037897266088935,0.3384795
2022-09-01,0.3384795,0.30770055056915213,0.3384795
2022-10-01,0.3384795,0.30713536799692626,0.3384795
2022-11-01,0.3384795,0.3008411009814133,0.3384795
2022-12-01,0.3384795,0.2933385851895219,0.3384795
2021-01-01,0.2276725,0.19764357839589594,0.207478
2021-02-01,0.2276725,0.1992526252882628,0.207478
2021-03-01,0.2276725,0.2000383027373626,0.207478
2021-04-01,0.2276725,0.20292943656222104,0.207478
2021-05-01,0.2276725,0.2087778789870379,0.207478
2021-06-01,0.2276725,0.21764138493481303,0.207478
2021-07-01,0.2276725,0.22447222018143004,0.2276725
2021-08-01,0.2276725,0.22993900649776758,0.2276725
2021-09-01,0.2276725,0.2339858636935201,0.2276725
2021-10-01,0.2276725,0.23419129492874602,0.2276725
2021-11-01,0.2276725,0.23218089078958729,0.2276725
2021-12-01,0.2276725,0.23021472376400182,0.2276725
2022-01-01,0.244854,0.22694305209227114,0.2276725
2022-02-01,0.244854,0.2231638541011726,0.2276725
2022-03-01,0.244854,0.2192809044559722,0.2276725
2022-04-01,0.244854,0.21735879364870012,0.2276725
2022-05-01,0.244854,0.2178806764736997,0.2276725
2022-06-01,0.244854,0.22007686004484275,0.2276725
2022-07-01,0.244854,0.2255034218333735,0.244854
2022-08-01,0.244854,0.23092692484750849,0.244854
2022-09-01,0.244854,0.23514806640372563,0.244854
2022-10-01,0.244854,0.23737623554583523,0.244854
2022-11-01,0.244854,0.23918045197868093,0.244854
2022-12-01,0.244854,0.23883165302742074,0.244854
2021-01-01,0.60409,0.5786097523537049,0.6232300000000001
2021-02-01,0.60409,0.5809335657532652,0.6232300000000001
2021-03-01,0.60409,0.5820835333658877,0.6232300000000001
2021-04-01,0.60409,0.5816670138073059,0.6232300000000001
2021-05-01,0.60409,0.5841090998168362,0.6232300000000001
2021-06-01,0.60409,0.5896779110597942,0.6232300000000001
2021-07-01,0.60409,0.5936085348285072,0.60409
2021-08-01,0.60409,0.5955187887737398,0.60409
2021-09-01,0.60409,0.5959293881238135,0.60409
2021-10-01,0.60409,0.5917865577701377,0.60409
2021-11-01,0.60409,0.5846464574090747,0.60409
2021-12-01,0.60409,0.5775417467388704,0.60409
2022-01-01,0.578076,0.5725563391543238,0.60409
2022-02-01,0.578076,0.5667390764943155,0.60409
2022-03-01,0.578076,0.5580625504652499,0.60409
2022-04-01,0.578076,0.5502598801020052,0.60409
2022-05-01,0.578076,0.5459656239707149,0.60409
2022-06-01,0.578076,0.5444031493852772,0.60409
2022-07-01,0.578076,0.5474150225736506,0.578076
2022-08-01,0.578076,0.5487543052983385,0.578076
2022-09-01,0.578076,0.5504549838623896,0.578076
2022-10-01,0.578076,0.5499042729109609,0.578076
2022-11-01,0.578076,0.5472376794387902,0.578076
2022-12-01,0.578076,0.5445950628110767,0.578076
2021-01-01,0.3767724999999999,0.3314587748821786,0.3533639999999999
2021-02-01,0.3767724999999999,0.33159809712239907,0.3533639999999999
2021-03-01,0.3767724999999999,0.33366967674947334,0.3533639999999999
2021-04-01,0.3767724999999999,0.33267412790876666,0.3533639999999999
2021-05-01,0.3767724999999999,0.33262647023027764,0.3533639999999999
2021-06-01,0.3767724999999999,0.336559725202772,0.3533639999999999
2021-07-01,0.3767724999999999,0.3420780831132233,0.3767724999999999
2021-08-01,0.3767724999999999,0.3475924942180026,0.3767724999999999
2021-09-01,0.3767724999999999,0.3490068978106469,0.3767724999999999
2021-10-01,0.3767724999999999,0.34551864517766695,0.3767724999999999
2021-11-01,0.3767724999999999,0.33919250770635284,0.3767724999999999
2021-12-01,0.3767724999999999,0.33410678547764383,0.3767724999999999
2022-01-01,0.3433145,0.3341057329961313,0.3767724999999999
2022-02-01,0.3433145,0.33690931351516656,0.3767724999999999
2022-03-01,0.3433145,0.33940826641642047,0.3767724999999999
2022-04-01,0.3433145,0.34210531607235983,0.3767724999999999
2022-05-01,0.3433145,0.3451916523277444,0.3767724999999999
2022-06-01,0.3433145,0.351593535577913,0.3767724999999999
2022-07-01,0.3433145,0.35683722870364254,0.3433145
2022-08-01,0.3433145,0.3587192958783678,0.3433145
2022-09-01,0.3433145,0.35449285902454075,0.3433145
2022-10-01,0.3433145,0.3451907314064209,0.3433145
2022-11-01,0.3433145,0.33458096128908354,0.3433145
2022-12-01,0.3433145,0.32495815571011627,0.3433145
2021-01-01,0.162902,0.18167305947460785,0.1701825
2021-02-01,0.162902,0.16331350619003018,0.1701825
2021-03-01,0.162902,0.1490736615559001,0.1701825
2021-04-01,0.162902,0.1411536559490326,0.1701825
2021-05-01,0.162902,0.14030058679308396,0.1701825
2021-06-01,0.162902,0.1469859493606417,0.1701825
2021-07-01,0.162902,0.16008945930674123,0.162902
2021-08-01,0.162902,0.17398096545027286,0.162902
2021-09-01,0.162902,0.18664968541653423,0.162902
2021-10-01,0.162902,0.1954072689670879,0.162902
2021-11-01,0.162902,0.19577009552350721,0.162902
2021-12-01,0.162902,0.18948806360557738,0.162902
2022-01-01,0.1491055,0.18020303881203606,0.162902
2022-02-01,0.1491055,0.16714310817856448,0.162902
2022-03-01,0.1491055,0.1558911598883506,0.162902
2022-04-01,0.1491055,0.14944571377057764,0.162902
2022-05-01,0.1491055,0.1485751635545069,0.162902
2022-06-01,0.1491055,0.15346444997591738,0.162902
2022-07-01,0.1491055,0.1620895195260347,0.1491055
2022-08-01,0.1491055,0.17063297242386047,0.1491055
2022-09-01,0.1491055,0.17720060506722812,0.1491055
2022-10-01,0.1491055,0.17961572123799993,0.1491055
2022-11-01,0.1491055,0.1743501068957673,0.1491055
2022-12-01,0.1491055,0.1630666006052013,0.1491055
2021-01-01,0.3632155,0.3403259316252003,0.34731750000000006
2021-02-01,0.3632155,0.3383708814355909,0.34731750000000006
2021-03-01,0.3632155,0.33650104935844877,0.34731750000000006
2021-04-01,0.3632155,0.3359401096023203,0.34731750000000006
2021-05-01,0.3632155,0.33709464893151275,0.34731750000000006
2021-06-01,0.3632155,0.34124458353539816,0.34731750000000006
2021-07-01,0.3632155,0.3477244490876354,0.3632155
2021-08-01,0.3632155,0.35272488742378266,0.3632155
2021-09-01,0.3632155,0.3541909283906352,0.3632155
2021-10-01,0.3632155,0.3522898836586372,0.3632155
2021-11-01,0.3632155,0.3467832017149655,0.3632155
2021-12-01,0.3632155,0.3416626160361541,0.3632155
2022-01-01,0.3556829999999999,0.33834039236177493,0.3632155
2022-02-01,0.3556829999999999,0.3356956378809891,0.3632155
2022-03-01,0.3556829999999999,0.3321759423628225,0.3632155
2022-04-01,0.3556829999999999,0.32934831921923546,0.3632155
2022-05-01,0.3556829999999999,0.328638979569841,0.3632155
2022-06-01,0.3556829999999999,0.3315499132031538,0.3632155
2022-07-01,0.3556829999999999,0.3366302414641112,0.3556829999999999
2022-08-01,0.3556829999999999,0.3397246028910287,0.3556829999999999
2022-09-01,0.3556829999999999,0.33991194460025814,0.3556829999999999
2022-10-01,0.3556829999999999,0.3381162795797017,0.3556829999999999
2022-11-01,0.3556829999999999,0.33431747912043236,0.3556829999999999
2022-12-01,0.3556829999999999,0.3303116029235738,0.3556829999999999
2021-01-01,0.41636149999999994,0.4003849011061535,0.4133535
2021-02-01,0.41636149999999994,0.39959968411771546,0.4133535
2021-03-01,0.41636149999999994,0.3969273019972258,0.4133535
2021-04-01,0.41636149999999994,0.39548135684925306,0.4133535
2021-05-01,0.41636149999999994,0.3971704910067136,0.4133535
2021-06-01,0.41636149999999994,0.4012817469150137,0.4133535
2021-07-01,0.41636149999999994,0.4064063780696389,0.41636149999999994
2021-08-01,0.41636149999999994,0.4106798148010096,0.41636149999999994
2021-09-01,0.41636149999999994,0.4119775902860473,0.41636149999999994
2021-10-01,0.41636149999999994,0.41055706914461143,0.41636149999999994
2021-11-01,0.41636149999999994,0.40639371540144137,0.41636149999999994
2021-12-01,0.41636149999999994,0.40171201451335276,0.41636149999999994
2022-01-01,0.4056585,0.396865468708365,0.41636149999999994
2022-02-01,0.4056585,0.3914148642952825,0.41636149999999994
2022-03-01,0.4056585,0.3856148031299945,0.41636149999999994
2022-04-01,0.4056585,0.380723230850299,0.41636149999999994
2022-05-01,0.4056585,0.37957586155141065,0.41636149999999994
2022-06-01,0.4056585,0.3812275010549875,0.41636149999999994
2022-07-01,0.4056585,0.38547775030303544,0.4056585
2022-08-01,0.4056585,0.3885781306086027,0.4056585
2022-09-01,0.4056585,0.3895903875933207,0.4056585
2022-10-01,0.4056585,0.38880369055275565,0.4056585
2022-11-01,0.4056585,0.38609920774613404,0.4056585
2022-12-01,0.4056585,0.3827083425431099,0.4056585
2021-01-01,0.2835129999999999,0.2506577464277405,0.255456
2021-02-01,0.2835129999999999,0.2510500753565578,0.255456
2021-03-01,0.2835129999999999,0.2532143720268761,0.255456
2021-04-01,0.2835129999999999,0.2564353436907456,0.255456
2021-05-01,0.2835129999999999,0.26117098425635105,0.255456
2021-06-01,0.2835129999999999,0.2671500495038865,0.255456
2021-07-01,0.2835129999999999,0.27388249417410604,0.2835129999999999
2021-08-01,0.2835129999999999,0.2789650425132539,0.2835129999999999
2021-09-01,0.2835129999999999,0.27941596506127625,0.2835129999999999
2021-10-01,0.2835129999999999,0.2773755323089633,0.2835129999999999
2021-11-01,0.2835129999999999,0.27338223655518407,0.2835129999999999
2021-12-01,0.2835129999999999,0.26908370471774906,0.2835129999999999
2022-01-01,0.278368,0.2673314052245134,0.2835129999999999
2022-02-01,0.278368,0.26734148602400054,0.2835129999999999
2022-03-01,0.278368,0.26841674389425735,0.2835129999999999
2022-04-01,0.278368,0.2712807763201683,0.2835129999999999
2022-05-01,0.278368,0.27619300354954707,0.2835129999999999
2022-06-01,0.278368,0.28285274477028427,0.2835129999999999
2022-07-01,0.278368,0.28873970144045014,0.278368
2022-08-01,0.278368,0.29174950255584575,0.278368
2022-09-01,0.278368,0.28954215281365575,0.278368
2022-10-01,0.278368,0.28532703013608834,0.278368
2022-11-01,0.278368,0.27915448918550834,0.278368
2022-12-01,0.278368,0.2742148152116857,0.278368
2021-01-01,0.1514595,0.1927328969987387,0.1693009999999999
2021-02-01,0.1514595,0.18053241619038543,0.1693009999999999
2021-03-01,0.1514595,0.16843690396788288,0.1693009999999999
2021-04-01,0.1514595,0.15811898368496388,0.1693009999999999
2021-05-01,0.1514595,0.15234608969871793,0.1693009999999999
2021-06-01,0.1514595,0.1506405762977187,0.1693009999999999
2021-07-01,0.1514595,0.15642392931899538,0.1514595
2021-08-01,0.1514595,0.1647330735200953,0.1514595
2021-09-01,0.1514595,0.17224458473991414,0.1514595
2021-10-01,0.1514595,0.1764738501378061,0.1514595
2021-11-01,0.1514595,0.17497013362180988,0.1514595
2021-12-01,0.1514595,0.1710186904531772,0.1514595
2022-01-01,0.1625525,0.16624322004033212,0.1514595
2022-02-01,0.1625525,0.15956402435663686,0.1514595
2022-03-01,0.1625525,0.15265792023685068,0.1514595
2022-04-01,0.1625525,0.1467352778654008,0.1514595
2022-05-01,0.1625525,0.14308833075436048,0.1514595
2022-06-01,0.1625525,0.14232054549097362,0.1514595
2022-07-01,0.1625525,0.14591748328514537,0.1625525
2022-08-01,0.1625525,0.15157991604764712,0.1625525
2022-09-01,0.1625525,0.1566131950959899,0.1625525
2022-10-01,0.1625525,0.16010203974982062,0.1625525
2022-11-01,0.1625525,0.16108619218914952,0.1625525
2022-12-01,0.1625525,0.15931606629029546,0.1625525
2021-01-01,0.34913799999999995,0.28071061599182356,0.2840715
2021-02-01,0.34913799999999995,0.2734136958853944,0.2840715
2021-03-01,0.34913799999999995,0.2712747409964949,0.2840715
2021-04-01,0.34913799999999995,0.27015195700793815,0.2840715
2021-05-01,0.34913799999999995,0.2705453713083152,0.2840715
2021-06-01,0.34913799999999995,0.27287821302585014,0.2840715
2021-07-01,0.34913799999999995,0.28223559592337755,0.34913799999999995
2021-08-01,0.34913799999999995,0.29194740197024766,0.34913799999999995
2021-09-01,0.34913799999999995,0.29826334352690914,0.34913799999999995
2021-10-01,0.34913799999999995,0.29986989077568377,0.34913799999999995
2021-11-01,0.34913799999999995,0.3002879232764397,0.34913799999999995
2021-12-01,0.34913799999999995,0.3007465092054752,0.34913799999999995
2022-01-01,0.3468159999999999,0.30310357444282177,0.34913799999999995
2022-02-01,0.3468159999999999,0.30545527860246396,0.34913799999999995
2022-03-01,0.3468159999999999,0.3097005285633274,0.34913799999999995
2022-04-01,0.3468159999999999,0.31314572812443564,0.34913799999999995
2022-05-01,0.3468159999999999,0.3184478997542049,0.34913799999999995
2022-06-01,0.3468159999999999,0.3254084204571933,0.34913799999999995
2022-07-01,0.3468159999999999,0.33006499334917033,0.3468159999999999
2022-08-01,0.3468159999999999,0.33234920713182187,0.3468159999999999
2022-09-01,0.3468159999999999,0.3315310343160229,0.3468159999999999
2022-10-01,0.3468159999999999,0.32769421296211365,0.3468159999999999
2022-11-01,0.3468159999999999,0.3238602859323638,0.3468159999999999
2022-12-01,0.3468159999999999,0.3217241431425056,0.3468159999999999
2021-01-01,0.428219,0.4005598432675635,0.4269905
2021-02-01,0.428219,0.3986733688265045,0.4269905
2021-03-01,0.428219,0.40005928963821613,0.4269905
2021-04-01,0.428219,0.4019067893732644,0.4269905
2021-05-01,0.428219,0.4040258951186386,0.4269905
2021-06-01,0.428219,0.40893542536414157,0.4269905
2021-07-01,0.428219,0.4150218930610254,0.428219
2021-08-01,0.428219,0.4178938519883275,0.428219
2021-09-01,0.428219,0.4155231044913181,0.428219
2021-10-01,0.428219,0.40921094529009217,0.428219
2021-11-01,0.428219,0.40011592629960885,0.428219
2021-12-01,0.428219,0.3921014769220159,0.428219
2022-01-01,0.4092685,0.3861812026339692,0.428219
2022-02-01,0.4092685,0.3827582038547658,0.428219
2022-03-01,0.4092685,0.38155344142339753,0.428219
2022-04-01,0.4092685,0.3819722632852879,0.428219
2022-05-01,0.4092685,0.3838734395774749,0.428219
2022-06-01,0.4092685,0.3882560383757228,0.428219
2022-07-01,0.4092685,0.3948155636224393,0.4092685
2022-08-01,0.4092685,0.3979248242407685,0.4092685
2022-09-01,0.4092685,0.39465038980506745,0.4092685
2022-10-01,0.4092685,0.38782978336315027,0.4092685
2022-11-01,0.4092685,0.3794387758344043,0.4092685
2022-12-01,0.4092685,0.3711472935886864,0.4092685
2021-01-01,0.780251,0.7373571176100937,0.7774575
2021-02-01,0.780251,0.732187723101139,0.7774575
2021-03-01,0.780251,0.7272385603486801,0.7774575
2021-04-01,0.780251,0.725417767332012,0.7774575
2021-05-01,0.780251,0.7288343854420458,0.7774575
2021-06-01,0.780251,0.736358970455653,0.7774575
2021-07-01,0.780251,0.7451317985431146,0.780251
2021-08-01,0.780251,0.7518835990061504,0.780251
2021-09-01,0.780251,0.7542753632433632,0.780251
2021-10-01,0.780251,0.7510617425050576,0.780251
2021-11-01,0.780251,0.7450895677224246,0.780251
2021-12-01,0.780251,0.7380063671431325,0.780251
2022-01-01,0.757141,0.7319955136649141,0.780251
2022-02-01,0.757141,0.7285146941826164,0.780251
2022-03-01,0.757141,0.7244121212467945,0.780251
2022-04-01,0.757141,0.7220408803990761,0.780251
2022-05-01,0.757141,0.7249492814987495,0.780251
2022-06-01,0.757141,0.7313665244009915,0.780251
2022-07-01,0.757141,0.7377600864692017,0.757141
2022-08-01,0.757141,0.7414408774388791,0.757141
2022-09-01,0.757141,0.7406782230228658,0.757141
2022-10-01,0.757141,0.7362395138039814,0.757141
2022-11-01,0.757141,0.7288418843728225,0.757141
2022-12-01,0.757141,0.7202262707112943,0.757141
2021-01-01,0.2996055,0.3159131953715724,0.3212434999999999
2021-02-01,0.2996055,0.3152597688025308,0.3212434999999999
2021-03-01,0.2996055,0.3161753619383329,0.3212434999999999
2021-04-01,0.2996055,0.3163501067594593,0.3212434999999999
2021-05-01,0.2996055,0.319383128248225,0.3212434999999999
2021-06-01,0.2996055,0.32534102875034443,0.3212434999999999
2021-07-01,0.2996055,0.33101841003932875,0.2996055
2021-08-01,0.2996055,0.33414855583767217,0.2996055
2021-09-01,0.2996055,0.33369177886123635,0.2996055
2021-10-01,0.2996055,0.3294812607902863,0.2996055
2021-11-01,0.2996055,0.3218774765428616,0.2996055
2021-12-01,0.2996055,0.3132337418909205,0.2996055
2022-01-01,0.2937245,0.30734981110510323,0.2996055
2022-02-01,0.2937245,0.30273356141107477,0.2996055
2022-03-01,0.2937245,0.2980923152811239,0.2996055
2022-04-01,0.2937245,0.2944532288913802,0.2996055
2022-05-01,0.2937245,0.2935782878539994,0.2996055
2022-06-01,0.2937245,0.2965091199659084,0.2996055
2022-07-01,0.2937245,0.3018564825206217,0.2937245
2022-08-01,0.2937245,0.30455415708745914,0.2937245
2022-09-01,0.2937245,0.30550990897097346,0.2937245
2022-10-01,0.2937245,0.30184036639746115,0.2937245
2022-11-01,0.2937245,0.29531100132408794,0.2937245
2022-12-01,0.2937245,0.28925367420908216,0.2937245
2021-01-01,0.0180225,0.033612410601136206,0.0114574999999999
2021-02-01,0.0180225,0.02856277697679022,0.0114574999999999
2021-03-01,0.0180225,0.022366563414690236,0.0114574999999999
2021-04-01,0.0180225,0.01727044793104501,0.0114574999999999
2021-05-01,0.0180225,0.014955991749932014,0.0114574999999999
2021-06-01,0.0180225,0.01607890729867784,0.0114574999999999
2021-07-01,0.0180225,0.020744656513842205,0.0180225
2021-08-01,0.0180225,0.02703579897486484,0.0180225
2021-09-01,0.0180225,0.03356200660370044,0.0180225
2021-10-01,0.0180225,0.0390957570562724,0.0180225
2021-11-01,0.0180225,0.04220213157295398,0.0180225
2021-12-01,0.0180225,0.042614071192453834,0.0180225
2022-01-01,0.0178135,0.03993085180138995,0.0180225
2022-02-01,0.0178135,0.03502078709261894,0.0180225
2022-03-01,0.0178135,0.029237129838405054,0.0180225
2022-04-01,0.0178135,0.024357817323828128,0.0180225
2022-05-01,0.0178135,0.02182578525753607,0.0180225
2022-06-01,0.0178135,0.022331880859847816,0.0180225
2022-07-01,0.0178135,0.02549100278983289,0.0178135
2022-08-01,0.0178135,0.02965855001402945,0.0178135
2022-09-01,0.0178135,0.03457030856023468,0.0178135
2022-10-01,0.0178135,0.0388271933753186,0.0178135
2022-11-01,0.0178135,0.04134004232154253,0.0178135
2022-12-01,0.0178135,0.041203844635812364,0.0178135
2021-01-01,0.1009135,0.12210262231072615,0.105962
2021-02-01,0.1009135,0.10566900330141532,0.105962
2021-03-01,0.1009135,0.092804760226667,0.105962
2021-04-01,0.1009135,0.08555701896341292,0.105962
2021-05-01,0.1009135,0.08370539152743271,0.105962
2021-06-01,0.1009135,0.08925858822045092,0.105962
2021-07-01,0.1009135,0.10095877029732314,0.1009135
2021-08-01,0.1009135,0.1130486500992313,0.1009135
2021-09-01,0.1009135,0.12490566014398154,0.1009135
2021-10-01,0.1009135,0.1315382999657712,0.1009135
2021-11-01,0.1009135,0.13111367301053833,0.1009135
2021-12-01,0.1009135,0.1262294516564069,0.1009135
2022-01-01,0.092405,0.11868090624336614,0.1009135
2022-02-01,0.092405,0.10817051340384415,0.1009135
2022-03-01,0.092405,0.09833453920603154,0.1009135
2022-04-01,0.092405,0.09196683693748454,0.1009135
2022-05-01,0.092405,0.09019571611470067,0.1009135
2022-06-01,0.092405,0.09392589971286044,0.1009135
2022-07-01,0.092405,0.10079153262948531,0.092405
2022-08-01,0.092405,0.10732743459975268,0.092405
2022-09-01,0.092405,0.1130971958089965,0.092405
2022-10-01,0.092405,0.11475714827201995,0.092405
2022-11-01,0.092405,0.11038677634884331,0.092405
2022-12-01,0.092405,0.10288708087850496,0.092405
2021-01-01,0.6335610000000002,0.5587763302710254,0.5924389999999999
2021-02-01,0.6335610000000002,0.5574584918571551,0.5924389999999999
2021-03-01,0.6335610000000002,0.5542890753423757,0.5924389999999999
2021-04-01,0.6335610000000002,0.5530829973091168,0.5924389999999999
2021-05-01,0.6335610000000002,0.553658967816846,0.5924389999999999
2021-06-01,0.6335610000000002,0.5569565897358699,0.5924389999999999
2021-07-01,0.6335610000000002,0.5633663994874297,0.6335610000000002
2021-08-01,0.6335610000000002,0.5685373727186532,0.6335610000000002
2021-09-01,0.6335610000000002,0.5722488829924776,0.6335610000000002
2021-10-01,0.6335610000000002,0.5733311628878257,0.6335610000000002
2021-11-01,0.6335610000000002,0.5722386870778249,0.6335610000000002
2021-12-01,0.6335610000000002,0.5724606948968731,0.6335610000000002
2022-01-01,0.5857275,0.5738467472687738,0.6335610000000002
2022-02-01,0.5857275,0.5749998723259339,0.6335610000000002
2022-03-01,0.5857275,0.5731169171199324,0.6335610000000002
2022-04-01,0.5857275,0.5743257579171617,0.6335610000000002
2022-05-01,0.5857275,0.5757001672123301,0.6335610000000002
2022-06-01,0.5857275,0.579157305860596,0.6335610000000002
2022-07-01,0.5857275,0.5809456035105647,0.5857275
2022-08-01,0.5857275,0.5790054854024143,0.5857275
2022-09-01,0.5857275,0.5740150127505887,0.5857275
2022-10-01,0.5857275,0.568663407379778,0.5857275
2022-11-01,0.5857275,0.5620997379871061,0.5857275
2022-12-01,0.5857275,0.5559273285967151,0.5857275
2021-01-01,0.972073,0.9033237166812684,0.9548325
2021-02-01,0.972073,0.9020331112265348,0.9548325
2021-03-01,0.972073,0.9010982445230347,0.9548325
2021-04-01,0.972073,0.9003422996766638,0.9548325
2021-05-01,0.972073,0.902470417294989,0.9548325
2021-06-01,0.972073,0.9070438441474765,0.9548325
2021-07-01,0.972073,0.9131725755550977,0.972073
2021-08-01,0.972073,0.9184369565205578,0.972073
2021-09-01,0.972073,0.9205808613615709,0.972073
2021-10-01,0.972073,0.9196920407242437,0.972073
2021-11-01,0.972073,0.9174644636029848,0.972073
2021-12-01,0.972073,0.9146443393901745,0.972073
2022-01-01,0.9794485,0.9143916122669795,0.972073
2022-02-01,0.9794485,0.9151693961047355,0.972073
2022-03-01,0.9794485,0.9141333596158437,0.972073
2022-04-01,0.9794485,0.9133553126577098,0.972073
2022-05-01,0.9794485,0.9154889558039757,0.972073
2022-06-01,0.9794485,0.91998962987191,0.972073
2022-07-01,0.9794485,0.9245421386543362,0.9794485
2022-08-01,0.9794485,0.9275565772663964,0.9794485
2022-09-01,0.9794485,0.9272937200086433,0.9794485
2022-10-01,0.9794485,0.9257860402419515,0.9794485
2022-11-01,0.9794485,0.9236692367998859,0.9794485
2022-12-01,0.9794485,0.9206711116512699,0.9794485
2021-01-01,0.916959,0.9424772129888938,0.9878115
2021-02-01,0.916959,0.9346816139858114,0.9878115
2021-03-01,0.916959,0.9284185596251542,0.9878115
2021-04-01,0.916959,0.9247188239882513,0.9878115
2021-05-01,0.916959,0.9243841348672684,0.9878115
2021-06-01,0.916959,0.9258316916275573,0.9878115
2021-07-01,0.916959,0.9271129563088671,0.916959
2021-08-01,0.916959,0.9251737591220401,0.916959
2021-09-01,0.916959,0.9212851030536391,0.916959
2021-10-01,0.916959,0.9136873705749113,0.916959
2021-11-01,0.916959,0.9046345824051182,0.916959
2021-12-01,0.916959,0.8953827436692686,0.916959
2022-01-01,0.9022435,0.8869976234589833,0.916959
2022-02-01,0.9022435,0.8797207662813866,0.916959
2022-03-01,0.9022435,0.8728214868464083,0.916959
2022-04-01,0.9022435,0.8678419336902752,0.916959
2022-05-01,0.9022435,0.8643861106438999,0.916959
2022-06-01,0.9022435,0.8616904423699456,0.916959
2022-07-01,0.9022435,0.8639281496257625,0.9022435
2022-08-01,0.9022435,0.8632719274027033,0.9022435
2022-09-01,0.9022435,0.8601419789446435,0.9022435
2022-10-01,0.9022435,0.8542565023266047,0.9022435
2022-11-01,0.9022435,0.8477534821810918,0.9022435
2022-12-01,0.9022435,0.8429471937939582,0.9022435
